First Name, Last Name, Email, Phone Number, LastModified
John, Doe, jdoe@xyz.com, 456-146-4854, 11/07/2022 10:22 AM EST
Sarah, Johnson, sjohnson@email.com, 555-123-4567, 03/15/2023 02:45 PM PST
Michael, Smith, msmith@company.org, 789-456-1230, 07/22/2023 09:18 AM CST
Emily, Davis, edavis@webmail.net, 321-654-9870, 12/01/2022 04:33 PM MST
David, Wilson, dwilson@tech.io, 147-258-3690, 05/08/2023 11:15 AM EST
Jessica, Brown-Anderson, jbrown@domain.com, 963-852-7410, 09/14/2022 08:27 AM PST
Christopher, Miller, cmiller@startup.co, 258-147-9630, 01/30/2023 01:52 PM CST
Ashley, Garcia, agarcia@university.edu, 741-963-8520, 06/18/2023 07:41 AM MST
Matthew, Rodriguez, mrodriguez@agency.net, 852-741-9630, 10/05/2022 03:19 PM EST
Amanda, Martinez, amartinez@corp.com, , 04/12/2023 12:06 PM PST
James, Anderson, janderson@freelance.io, 159-753-4860, 08/25/2022 05:44 PM CST
Stephanie, Taylor, staylor@consulting.biz, 487-159-2630, 02/07/2023 10:31 AM MST
Robert, Thomas, rthomas@media.org, 624-813-5970, 11/28/2022 06:15 PM EST
Michelle, Hernandez, mhernandez@design.co, 753-246-8190, 07/03/2023 09:22 AM PST
William, Moore, wmoore@solutions.net, 195-462-7380, 12/16/2022 02:58 PM CST
Nicole, Martin, nmartin@global.com, 840-517-2960, 05/21/2023 11:47 AM MST
Daniel, Jackson, djackson@ventures.io, 376-924-1580, 03/08/2023 04:13 PM EST
Rachel, Thompson, rthompson@services.org, 692-358-4170, 09/30/2022 08:36 AM PST
Kevin, White, kwhite@innovation.co, 518-207-6390, 01/14/2023 01:29 PM CST
Lauren, Lopez, llopez@systems.net, 264-831-5970, 06/06/2023 07:52 AM MST
Brandon, Lee, blee@platform.com, 847-195-2630, 10/19/2022 03:41 PM EST
Carl, Hamilton, chamilton@condos.com, 691-856-4970, 03/11/2023 04:38 PM EST
Megan, Gonzalez, mgonzalez@network.org, 531-764-8290, 04/25/2023 12:18 PM PST
Anthony, Harris, aharris@digital.io, 708-423-5160, 08/11/2022 05:03 PM CST
Kimberly, Clark, kclark@creative.co, 395-680-1470, 02/28/2023 10:56 AM MST
Andrew, Lewis, alewis@enterprise.net, 162-597-3840, 11/12/2022 06:39 PM EST
Samantha, Robinson, srobinson@cloud.com, 759-314-6820, 07/16/2023 09:07 AM PST
Joshua, Walker, jwalker@mobility.org, 426-853-1970, 12/29/2022 02:24 PM CST
Angela, Perez, aperez@analytics.io, 681-240-5730, 05/14/2023 11:18 AM MST
Ryan, Hall, rhall@blockchain.co, , 03/21/2023 04:45 PM EST
Crystal, Young, cyoung@research.net, 857-132-4960, 09/07/2022 08:11 AM PST
Justin, Allen, jallen@security.com, 240-865-3170, 01/06/2023 01:37 PM CST
Brittany, Sanchez, bsanchez@finance.org, 693-428-5910, 06/29/2023 07:59 AM MST
Nathan, Wright, nwright@biotech.io, 518-697-2340, 10/12/2022 03:26 PM EST
Heather, King, hking@pharma.co, 375-284-6190, 04/18/2023 12:53 PM PST
Jonathan, Scott, jscott@retail.net, 862-531-4780, 08/04/2022 05:21 PM CST
Melissa, Green, mgreen@logistics.com, 196-748-3520, 02/14/2023 10:44 AM MST
Benjamin, Adams, badams@manufacturing.org, 749-305-6180, 11/21/2022 06:17 PM EST
Tiffany, Baker, tbaker@hospitality.io, 432-871-9540, 07/09/2023 09:33 AM PST
Jacob, Gonzales, jgonzales@energy.co, 685-194-2730, 12/22/2022 02:08 PM CST
Danielle, Nelson, dnelson@construction.net, 318-567-4920, 05/07/2023 11:55 AM MST
Tyler, Carter, tcarter@transportation.com, 791-423-6850, 03/14/2023 04:21 PM EST
Jasmine, Mitchell, jmitchell@agriculture.org, 546-280-1370, 09/21/2022 08:48 AM PST
Sean, Perez, sperez@education.io, , 01/27/2023 01:14 PM CST
Vanessa, Roberts, vroberts@healthcare.co, 738-412-5960, 06/12/2023 07:36 AM MST
Patrick, Turner, pturner@legal.net, 465-829-3170, 10/26/2022 03:57 PM EST
Christina, Phillips, cphillips@consulting.com, 820-156-7430, 04/11/2023 12:42 PM PST
Aaron, Campbell, acampbell@marketing.org, 357-684-2910, 08/18/2022 05:29 PM CST
Victoria, Parker, vparker@advertising.io, 694-231-5780, 02/21/2023 10:16 AM MST
Gregory, Evans, gevans@media.co, 127-869-4320, 11/14/2022 06:51 PM EST
Monica, Edwards, medwards@publishing.net, 782-345-6190, 07/02/2023 09:28 AM PST
Eric, Collins, ecollins@software.com, 439-678-1570, 12/08/2022 02:14 PM CST
Sandra, Stewart, sstewart@hardware.org, 605-921-4830, 05/28/2023 11:06 AM MST
Adam, Sanchez, asanchez@gaming.io, 271-584-7290, 03/07/2023 04:33 PM EST
Kelly, Morris, kmorris@entertainment.co, 856-207-3640, 09/13/2022 08:59 AM PST
Scott, Rogers, srogers@sports.net, 423-795-1280, 01/20/2023 01:45 PM CST
Jennifer, Reed, jreed@fitness.com, 769-138-5920, 06/26/2023 07:11 AM MST
Richard, Cook, rcook@wellness.org, , 10/09/2022 03:28 PM EST
Lisa, Bailey, lbailey@nutrition.io, 685-429-2130, 04/22/2023 12:55 PM PST
Kenneth, Rivera, krivera@beauty.co, 548-716-8360, 08/15/2022 05:17 PM CST
Carolyn, Cooper, ccooper@fashion.net, 194-583-4970, 02/08/2023 10:42 AM MST
Mark, Richardson, mrichardson@luxury.com, 731-260-5180, 11/25/2022 06:07 PM EST
Diana, Cox, dcox@jewelry.org, 467-892-3720, 07/19/2023 09:24 AM PST
Thomas, Howard, thoward@watches.io, 825-345-6910, 12/12/2022 02:51 PM CST
Amy, Ward, award@accessories.co, 302-678-1540, 05/17/2023 11:38 AM MST
Charles, Torres, ctorres@automotive.net, 759-214-8370, 03/28/2023 04:26 PM EST
Michelle, Peterson, mpeterson@aviation.com, 436-851-2960, 09/06/2022 08:13 AM PST
Paul, Gray, pgray@marine.org, 681-397-5420, 01/13/2023 01:59 PM CST
Rebecca, Ramirez, rramirez@travel.io, 148-762-8130, 06/19/2023 07:47 AM MST
Steven, James, sjames@tourism.co, 795-428-3570, 10/02/2022 03:21 PM EST
Cynthia, Watson, cwatson@hospitality.net, 362-095-6840, 04/15/2023 12:09 PM PST
Brian, Brooks, bbrooks@events.com, 827-513-1290, 08/28/2022 05:36 PM CST
Karen, Kelly, kkelly@catering.org, 584-269-4750, 02/15/2023 10:53 AM MST
Jeffrey, Sanders, jsanders@restaurant.io, 219-746-8320, 11/08/2022 06:28 PM EST
Deborah, Price, dprice@food.co, 653-182-5960, 07/26/2023 09:45 AM PST
Jason, Bennett, jbennett@beverage.net, 490-835-2740, 12/19/2022 02:17 PM CST
Sharon, Wood, swood@brewery.com, 176-598-7130, 05/31/2023 11:51 AM MST
Frank, Barnes, fbarnes@winery.org, 724-361-4580, 03/17/2023 04:08 PM EST
Catherine, Ross, cross@distillery.io, , 09/29/2022 08:39 AM PST
Gary, Henderson, ghenderson@spirits.co, 453-127-6350, 01/11/2023 01:26 PM CST
Brenda, Coleman, bcoleman@wine.net, 689-572-8140, 06/22/2023 07:54 AM MST
Jose, Jenkins, jjenkins@cocktails.com, 235-846-3920, 10/15/2022 03:44 PM EST
Laura, Perry, lperry@mixology.org, 781-293-5670, 04/28/2023 12:31 PM PST
Ralph, Powell, rpowell@bartending.io, 528-617-4280, 08/07/2022 05:48 PM CST
Janet, Long, jlong@nightclub.co, 364-952-1830, 02/22/2023 10:25 AM MST
Louis, Patterson, lpatterson@lounge.net, 896-485-7560, 11/17/2022 06:12 PM EST
Maria, Hughes, mhughes@casino.com, 432-718-3940, 07/12/2023 09:37 AM PST
Donald, Flores, dflores@resort.org, 675-291-6280, 12/26/2022 02:03 PM CST
Ruth, Washington, rwashington@hotel.io, 219-564-8970, 05/10/2023 11:29 AM MST
Roy, Butler, rbutler@motel.co, 756-837-2450, 03/24/2023 04:15 PM EST
Teresa, Simmons, tsimmons@inn.net, 383-169-5720, 09/16/2022 08:52 AM PST
Eugene, Foster, efoster@bnb.com, 821-645-3180, 01/24/2023 01:07 PM CST
Martha, Gonzales, mgonzales@lodge.org, 498-273-6940, 06/15/2023 07:23 AM MST
Arthur, Bryant, abryant@cabin.io, 165-798-2570, 10/22/2022 03:49 PM EST
Janice, Alexander, jalexander@villa.co, 742-324-8130, 04/06/2023 12:26 PM PST
Lawrence, Russell, lrussell@mansion.net, 589-651-4760, 08/21/2022 05:41 PM CST
Gloria, Griffin, ggriffin@estate.com, 216-987-3520, 02/27/2023 10:38 AM MST
Albert, Diaz, adiaz@property.org, 753-432-6180, 11/11/2022 06:54 PM EST
Doris, Hayes, dhayes@realty.io, 396-765-2940, 07/29/2023 09:16 AM PST
Cher, , cher@cher.com, 123-456-7890, 12/05/2022 02:42 PM CST
Wayne, Myers, wmyers@realtor.co, 827-189-5730, 12/05/2022 02:42 PM CST
Ann, Ford, aford@homes.net, 464-523-8160, 05/24/2023 11:17 AM MST
Carl, Hamilton, chamilton@condos.com, 691-856-4970, 03/11/2023 04:38 PM EST
Rose, Graham, rgraham@apartments.org, 138-279-3240, 09/23/2022 08:25 AM PST
Ernest, Sullivan, esullivan@rentals.io, 785-614-7580, 01/17/2023 01:52 PM CST
Kathryn, Wallace, kwallace@leasing.co, 422-957-2310, 06/08/2023 07:16 AM MST
Harold, Woods, hwoods@property.net, 769-381-6940, 10/29/2022 03:12 PM EST
Joan, Cole, jcole@development.com, 315-628-5270, 04/13/2023 12:47 PM PST
Peter, West, pwest@construction.org, 852-174-8630, 08/24/2022 05:04 PM CST
Frances, Jordan, fjordan@architecture.io, 597-413-2950, 02/10/2023 10:31 AM MST
Wayne, Owens, wowens@engineering.co, 234-759-6180, 11/22/2022 06:18 PM EST
Joyce, Reynolds, jreynolds@planning.net, 681-296-4720, 07/05/2023 09:53 AM PST
Roger, Fisher, rfisher@surveying.com, 428-835-1560, 12/15/2022 02:29 PM CST
Julie, Ellis, jellis@mapping.org, 765-192-8340, 05/21/2023 11:44 AM MST
Bobby, Harrison, bharrison@gis.io, 302-647-3970, 03/04/2023 04:51 PM EST
Cheryl, Gibson, cgibson@cartography.co, 849-284-6520, 09/18/2022 08:07 AM PST
Jean, Mcdonald, jmcdonald@geography.net, 516-738-2130, 01/08/2023 01:33 PM CST
Alice, Cruz, acruz@geology.com, 673-465-9740, 06/27/2023 07:42 AM MST
Ralph, Marshall, rmarshall@mining.org, 390-821-5280, 10/11/2022 03:56 PM EST
Anna, Ortiz, aortiz@petroleum.io, 127-594-6730, 04/24/2023 12:21 PM PST
Frances, Gomez, fgomez@natural.co, 784-267-3940, 08/13/2022 05:15 PM CST
Beverly, Murray, bmurray@resources.net, 451-683-1570, 02/03/2023 10:48 AM MST
Helen, Freeman, hfreeman@renewable.com, 698-329-8260, 11/26/2022 06:35 PM EST
Judith, Wells, jwells@solar.org, 235-746-4920, 07/22/2023 09:11 AM PST
Marie, Webb, mwebb@wind.io, 872-163-7530, 12/09/2022 02:57 PM CST
Denise, Simpson, dsimpson@hydro.co, 519-895-2140, 05/16/2023 11:22 AM MST